{
  "kind": "collectionType",
  "collectionName": "temperature_humidities",
  "info": {
    "singularName": "temperature-humidity",
    "pluralName": "temperature-humidities",
    "displayName": "Temperature/Humidity"
  },
  "options": {
    "draftAndPublish": true
  },
  "pluginOptions": {},
  "attributes": {
    "temperature": {
      "type": "decimal",
      "required": true,
      "default": 0
    },
    "humidity": {
      "type": "decimal",
      "required": true,
      "default": 0
    }
  }
}
